[
null,
{"id":1,"list":[{"code":111,"indent":0,"parameters":[12,"$gameMap.eventIdXy($gamePlayer._x, $gamePlayer._y) !== 57 && $gameMap.eventIdXy($gamePlayer._x, $gamePlayer._y) !== 5 && $gameMap.eventIdXy($gamePlayer._x, $gamePlayer._y) !== 54 && $gameMap.eventIdXy($gamePlayer._x, $gamePlayer._y) !== 55 && $gameMap.eventIdXy($gamePlayer._x, $gamePlayer._y) !== 58 && $gameMap.eventIdXy($gamePlayer._x, $gamePlayer._y) !== 59 && $gameMap.eventIdXy($gamePlayer._x, $gamePlayer._y) !== 7;"]},{"code":111,"indent":1,"parameters":[11,"ok",1]},{"code":111,"indent":2,"parameters":[0,1,1]},{"code":121,"indent":3,"parameters":[1,1,0]},{"code":250,"indent":3,"parameters":[{"name":"Cancel1","volume":90,"pitch":120,"pan":0}]},{"code":355,"indent":3,"parameters":["$gameMap.event(56).setPosition($gamePlayer._x, $gamePlayer._y)"]},{"code":121,"indent":3,"parameters":[6,6,0]},{"code":0,"indent":3,"parameters":[]},{"code":412,"indent":2,"parameters":[]},{"code":0,"indent":2,"parameters":[]},{"code":412,"indent":1,"parameters":[]},{"code":0,"indent":1,"parameters":[]},{"code":412,"indent":0,"parameters":[]},{"code":0,"indent":0,"parameters":[]}],"name":"爆弾設置","switchId":5,"trigger":2},
{"id":2,"list":[{"code":111,"indent":0,"parameters":[12,"$gameMap.eventIdXy($gamePlayer._x, $gamePlayer._y) !== 56 && $gameMap.eventIdXy($gamePlayer._x, $gamePlayer._y) !== 5 && $gameMap.eventIdXy($gamePlayer._x, $gamePlayer._y) !== 54 && $gameMap.eventIdXy($gamePlayer._x, $gamePlayer._y) !== 55 && $gameMap.eventIdXy($gamePlayer._x, $gamePlayer._y) !== 58 && $gameMap.eventIdXy($gamePlayer._x, $gamePlayer._y) !== 59 && $gameMap.eventIdXy($gamePlayer._x, $gamePlayer._y) !== 7;"]},{"code":111,"indent":1,"parameters":[11,"ok",1]},{"code":111,"indent":2,"parameters":[0,7,1]},{"code":121,"indent":3,"parameters":[7,7,0]},{"code":250,"indent":3,"parameters":[{"name":"Cancel1","volume":90,"pitch":120,"pan":0}]},{"code":355,"indent":3,"parameters":["$gameMap.event(57).setPosition($gamePlayer._x, $gamePlayer._y)"]},{"code":121,"indent":3,"parameters":[9,9,0]},{"code":121,"indent":3,"parameters":[6,6,1]},{"code":0,"indent":3,"parameters":[]},{"code":412,"indent":2,"parameters":[]},{"code":0,"indent":2,"parameters":[]},{"code":412,"indent":1,"parameters":[]},{"code":0,"indent":1,"parameters":[]},{"code":412,"indent":0,"parameters":[]},{"code":0,"indent":0,"parameters":[]}],"name":"爆弾設置B","switchId":6,"trigger":2},
{"id":3,"list":[{"code":285,"indent":0,"parameters":[18,1,1,5,6]},{"code":355,"indent":0,"parameters":["var targetID = $gameVariables.value(18);"]},{"code":655,"indent":0,"parameters":["if(targetID != 0 && ~$dataMap.events[targetID].note.indexOf(\"[敵]\")){"]},{"code":655,"indent":0,"parameters":[" var mapID = this._mapId;"]},{"code":655,"indent":0,"parameters":[" if(!$gameSelfSwitches.value([mapID, targetID, \"B\"])){"]},{"code":655,"indent":0,"parameters":["  $gameSelfSwitches.setValue([mapID, targetID, \"A\"], true);"]},{"code":655,"indent":0,"parameters":[" }"]},{"code":655,"indent":0,"parameters":["}"]},{"code":285,"indent":0,"parameters":[18,1,1,39,40]},{"code":355,"indent":0,"parameters":["var targetID = $gameVariables.value(18);"]},{"code":655,"indent":0,"parameters":["if(targetID != 0 && ~$dataMap.events[targetID].note.indexOf(\"[敵]\")){"]},{"code":655,"indent":0,"parameters":[" var mapID = this._mapId;"]},{"code":655,"indent":0,"parameters":[" if(!$gameSelfSwitches.value([mapID, targetID, \"B\"])){"]},{"code":655,"indent":0,"parameters":["  $gameSelfSwitches.setValue([mapID, targetID, \"A\"], true);"]},{"code":655,"indent":0,"parameters":[" }"]},{"code":655,"indent":0,"parameters":["}"]},{"code":285,"indent":0,"parameters":[18,1,1,59,60]},{"code":355,"indent":0,"parameters":["var targetID = $gameVariables.value(18);"]},{"code":655,"indent":0,"parameters":["if(targetID != 0 && ~$dataMap.events[targetID].note.indexOf(\"[敵]\")){"]},{"code":655,"indent":0,"parameters":[" var mapID = this._mapId;"]},{"code":655,"indent":0,"parameters":[" if(!$gameSelfSwitches.value([mapID, targetID, \"B\"])){"]},{"code":655,"indent":0,"parameters":["  $gameSelfSwitches.setValue([mapID, targetID, \"A\"], true);"]},{"code":655,"indent":0,"parameters":[" }"]},{"code":655,"indent":0,"parameters":["}"]},{"code":285,"indent":0,"parameters":[18,1,1,79,80]},{"code":355,"indent":0,"parameters":["var targetID = $gameVariables.value(18);"]},{"code":655,"indent":0,"parameters":["if(targetID != 0 && ~$dataMap.events[targetID].note.indexOf(\"[敵]\")){"]},{"code":655,"indent":0,"parameters":[" var mapID = this._mapId;"]},{"code":655,"indent":0,"parameters":[" if(!$gameSelfSwitches.value([mapID, targetID, \"B\"])){"]},{"code":655,"indent":0,"parameters":["  $gameSelfSwitches.setValue([mapID, targetID, \"A\"], true);"]},{"code":655,"indent":0,"parameters":[" }"]},{"code":655,"indent":0,"parameters":["}"]},{"code":285,"indent":0,"parameters":[18,1,1,99,100]},{"code":355,"indent":0,"parameters":["var targetID = $gameVariables.value(18);"]},{"code":655,"indent":0,"parameters":["if(targetID != 0 && ~$dataMap.events[targetID].note.indexOf(\"[敵]\")){"]},{"code":655,"indent":0,"parameters":[" var mapID = this._mapId;"]},{"code":655,"indent":0,"parameters":[" if(!$gameSelfSwitches.value([mapID, targetID, \"B\"])){"]},{"code":655,"indent":0,"parameters":["  $gameSelfSwitches.setValue([mapID, targetID, \"A\"], true);"]},{"code":655,"indent":0,"parameters":[" }"]},{"code":655,"indent":0,"parameters":["}"]},{"code":285,"indent":0,"parameters":[18,1,1,119,120]},{"code":355,"indent":0,"parameters":["var targetID = $gameVariables.value(18);"]},{"code":655,"indent":0,"parameters":["if(targetID != 0 && ~$dataMap.events[targetID].note.indexOf(\"[敵]\")){"]},{"code":655,"indent":0,"parameters":[" var mapID = this._mapId;"]},{"code":655,"indent":0,"parameters":[" if(!$gameSelfSwitches.value([mapID, targetID, \"B\"])){"]},{"code":655,"indent":0,"parameters":["  $gameSelfSwitches.setValue([mapID, targetID, \"A\"], true);"]},{"code":655,"indent":0,"parameters":[" }"]},{"code":655,"indent":0,"parameters":["}"]},{"code":285,"indent":0,"parameters":[18,1,1,139,140]},{"code":355,"indent":0,"parameters":["var targetID = $gameVariables.value(18);"]},{"code":655,"indent":0,"parameters":["if(targetID != 0 && ~$dataMap.events[targetID].note.indexOf(\"[敵]\")){"]},{"code":655,"indent":0,"parameters":[" var mapID = this._mapId;"]},{"code":655,"indent":0,"parameters":[" if(!$gameSelfSwitches.value([mapID, targetID, \"B\"])){"]},{"code":655,"indent":0,"parameters":["  $gameSelfSwitches.setValue([mapID, targetID, \"A\"], true);"]},{"code":655,"indent":0,"parameters":[" }"]},{"code":655,"indent":0,"parameters":["}"]},{"code":285,"indent":0,"parameters":[18,1,1,159,160]},{"code":355,"indent":0,"parameters":["var targetID = $gameVariables.value(18);"]},{"code":655,"indent":0,"parameters":["if(targetID != 0 && ~$dataMap.events[targetID].note.indexOf(\"[敵]\")){"]},{"code":655,"indent":0,"parameters":[" var mapID = this._mapId;"]},{"code":655,"indent":0,"parameters":[" if(!$gameSelfSwitches.value([mapID, targetID, \"B\"])){"]},{"code":655,"indent":0,"parameters":["  $gameSelfSwitches.setValue([mapID, targetID, \"A\"], true);"]},{"code":655,"indent":0,"parameters":[" }"]},{"code":655,"indent":0,"parameters":["}"]},{"code":0,"indent":0,"parameters":[]}],"name":"💀敵判定","switchId":1,"trigger":0},
{"id":4,"list":[{"code":111,"indent":0,"parameters":[12,"$gameMap.eventIdXy($gamePlayer._x, $gamePlayer._y) !== 57 && $gameMap.eventIdXy($gamePlayer._x, $gamePlayer._y) !== 56 && $gameMap.eventIdXy($gamePlayer._x, $gamePlayer._y) !== 54 && $gameMap.eventIdXy($gamePlayer._x, $gamePlayer._y) !== 55 && $gameMap.eventIdXy($gamePlayer._x, $gamePlayer._y) !== 58 && $gameMap.eventIdXy($gamePlayer._x, $gamePlayer._y) !== 59 && $gameMap.eventIdXy($gamePlayer._x, $gamePlayer._y) !== 7;"]},{"code":111,"indent":1,"parameters":[11,"ok",1]},{"code":111,"indent":2,"parameters":[0,8,1]},{"code":121,"indent":3,"parameters":[8,8,0]},{"code":250,"indent":3,"parameters":[{"name":"Cancel1","volume":90,"pitch":120,"pan":0}]},{"code":355,"indent":3,"parameters":["$gameMap.event(5).setPosition($gamePlayer._x, $gamePlayer._y)"]},{"code":121,"indent":3,"parameters":[10,10,0]},{"code":121,"indent":3,"parameters":[9,9,1]},{"code":0,"indent":3,"parameters":[]},{"code":412,"indent":2,"parameters":[]},{"code":0,"indent":2,"parameters":[]},{"code":412,"indent":1,"parameters":[]},{"code":0,"indent":1,"parameters":[]},{"code":412,"indent":0,"parameters":[]},{"code":0,"indent":0,"parameters":[]}],"name":"爆弾設置C","switchId":9,"trigger":2},
{"id":5,"list":[{"code":111,"indent":0,"parameters":[12,"$gameMap.eventIdXy($gamePlayer._x, $gamePlayer._y) !== 57 && $gameMap.eventIdXy($gamePlayer._x, $gamePlayer._y) !== 5 && $gameMap.eventIdXy($gamePlayer._x, $gamePlayer._y) !== 56 && $gameMap.eventIdXy($gamePlayer._x, $gamePlayer._y) !== 55 && $gameMap.eventIdXy($gamePlayer._x, $gamePlayer._y) !== 58 && $gameMap.eventIdXy($gamePlayer._x, $gamePlayer._y) !== 59 && $gameMap.eventIdXy($gamePlayer._x, $gamePlayer._y) !== 7;"]},{"code":111,"indent":1,"parameters":[11,"ok",1]},{"code":111,"indent":2,"parameters":[0,11,1]},{"code":121,"indent":3,"parameters":[11,11,0]},{"code":250,"indent":3,"parameters":[{"name":"Cancel1","volume":90,"pitch":120,"pan":0}]},{"code":355,"indent":3,"parameters":["$gameMap.event(54).setPosition($gamePlayer._x, $gamePlayer._y)"]},{"code":121,"indent":3,"parameters":[13,13,0]},{"code":121,"indent":3,"parameters":[10,10,1]},{"code":0,"indent":3,"parameters":[]},{"code":412,"indent":2,"parameters":[]},{"code":0,"indent":2,"parameters":[]},{"code":412,"indent":1,"parameters":[]},{"code":0,"indent":1,"parameters":[]},{"code":412,"indent":0,"parameters":[]},{"code":0,"indent":0,"parameters":[]}],"name":"爆弾設置D","switchId":10,"trigger":2},
{"id":6,"list":[{"code":205,"indent":0,"parameters":[0,{"list":[{"code":42,"parameters":[230],"indent":null},{"code":15,"parameters":[5],"indent":null},{"code":42,"parameters":[179],"indent":null},{"code":15,"parameters":[5],"indent":null},{"code":42,"parameters":[128],"indent":null},{"code":15,"parameters":[5],"indent":null},{"code":37,"indent":0},{"code":42,"parameters":[77],"indent":null},{"code":15,"parameters":[5],"indent":null},{"code":42,"parameters":[26],"indent":null},{"code":15,"parameters":[5],"indent":null},{"code":0}],"repeat":false,"skippable":false,"wait":true}]},{"code":505,"indent":0,"parameters":[{"code":42,"parameters":[230],"indent":null}]},{"code":505,"indent":0,"parameters":[{"code":15,"parameters":[5],"indent":null}]},{"code":505,"indent":0,"parameters":[{"code":42,"parameters":[179],"indent":null}]},{"code":505,"indent":0,"parameters":[{"code":15,"parameters":[5],"indent":null}]},{"code":505,"indent":0,"parameters":[{"code":42,"parameters":[128],"indent":null}]},{"code":505,"indent":0,"parameters":[{"code":15,"parameters":[5],"indent":null}]},{"code":505,"indent":0,"parameters":[{"code":37,"indent":0}]},{"code":505,"indent":0,"parameters":[{"code":42,"parameters":[77],"indent":null}]},{"code":505,"indent":0,"parameters":[{"code":15,"parameters":[5],"indent":null}]},{"code":505,"indent":0,"parameters":[{"code":42,"parameters":[26],"indent":null}]},{"code":505,"indent":0,"parameters":[{"code":15,"parameters":[5],"indent":null}]},{"code":203,"indent":0,"parameters":[0,0,0,0,0]},{"code":122,"indent":0,"parameters":[19,19,1,0,100]},{"code":0,"indent":0,"parameters":[]}],"name":"💀敵死亡","switchId":1,"trigger":0},
{"id":7,"list":[{"code":0,"indent":0,"parameters":[]}],"name":"","switchId":1,"trigger":0},
{"id":8,"list":[{"code":0,"indent":0,"parameters":[]}],"name":"","switchId":1,"trigger":0},
{"id":9,"list":[{"code":0,"indent":0,"parameters":[]}],"name":"","switchId":1,"trigger":0},
{"id":10,"list":[{"code":0,"indent":0,"parameters":[]}],"name":"","switchId":1,"trigger":0},
{"id":11,"list":[{"code":285,"indent":0,"parameters":[18,1,1,5,6]},{"code":355,"indent":0,"parameters":["var targetID = $gameVariables.value(18);"]},{"code":655,"indent":0,"parameters":["if(targetID != 0 && ~$dataMap.events[targetID].note.indexOf(\"[爆弾]\")){"]},{"code":655,"indent":0,"parameters":[" var mapID = this._mapId;"]},{"code":655,"indent":0,"parameters":[" if(!$gameSelfSwitches.value([mapID, targetID, \"B\"])){"]},{"code":655,"indent":0,"parameters":["  $gameSelfSwitches.setValue([mapID, targetID, \"A\"], true);"]},{"code":655,"indent":0,"parameters":[" }"]},{"code":655,"indent":0,"parameters":["}"]},{"code":0,"indent":0,"parameters":[]}],"name":"💣判定","switchId":1,"trigger":0},
{"id":12,"list":[{"code":285,"indent":0,"parameters":[18,1,1,39,40]},{"code":355,"indent":0,"parameters":["var targetID = $gameVariables.value(18);"]},{"code":655,"indent":0,"parameters":["if(targetID != 0 && ~$dataMap.events[targetID].note.indexOf(\"[爆弾]\")){"]},{"code":655,"indent":0,"parameters":[" var mapID = this._mapId;"]},{"code":655,"indent":0,"parameters":[" if(!$gameSelfSwitches.value([mapID, targetID, \"B\"])){"]},{"code":655,"indent":0,"parameters":["  $gameSelfSwitches.setValue([mapID, targetID, \"A\"], true);"]},{"code":655,"indent":0,"parameters":[" }"]},{"code":655,"indent":0,"parameters":["}"]},{"code":0,"indent":0,"parameters":[]}],"name":"💣B判定","switchId":1,"trigger":0},
{"id":13,"list":[{"code":285,"indent":0,"parameters":[18,1,1,59,60]},{"code":355,"indent":0,"parameters":["var targetID = $gameVariables.value(18);"]},{"code":655,"indent":0,"parameters":["if(targetID != 0 && ~$dataMap.events[targetID].note.indexOf(\"[爆弾]\")){"]},{"code":655,"indent":0,"parameters":[" var mapID = this._mapId;"]},{"code":655,"indent":0,"parameters":[" if(!$gameSelfSwitches.value([mapID, targetID, \"B\"])){"]},{"code":655,"indent":0,"parameters":["  $gameSelfSwitches.setValue([mapID, targetID, \"A\"], true);"]},{"code":655,"indent":0,"parameters":[" }"]},{"code":655,"indent":0,"parameters":["}"]},{"code":0,"indent":0,"parameters":[]}],"name":"💣C判定","switchId":1,"trigger":0},
{"id":14,"list":[{"code":285,"indent":0,"parameters":[18,1,1,79,80]},{"code":355,"indent":0,"parameters":["var targetID = $gameVariables.value(18);"]},{"code":655,"indent":0,"parameters":["if(targetID != 0 && ~$dataMap.events[targetID].note.indexOf(\"[爆弾]\")){"]},{"code":655,"indent":0,"parameters":[" var mapID = this._mapId;"]},{"code":655,"indent":0,"parameters":[" if(!$gameSelfSwitches.value([mapID, targetID, \"B\"])){"]},{"code":655,"indent":0,"parameters":["  $gameSelfSwitches.setValue([mapID, targetID, \"A\"], true);"]},{"code":655,"indent":0,"parameters":[" }"]},{"code":655,"indent":0,"parameters":["}"]},{"code":0,"indent":0,"parameters":[]}],"name":"💣D判定","switchId":1,"trigger":0},
{"id":15,"list":[{"code":285,"indent":0,"parameters":[18,1,1,99,100]},{"code":355,"indent":0,"parameters":["var targetID = $gameVariables.value(18);"]},{"code":655,"indent":0,"parameters":["if(targetID != 0 && ~$dataMap.events[targetID].note.indexOf(\"[爆弾]\")){"]},{"code":655,"indent":0,"parameters":[" var mapID = this._mapId;"]},{"code":655,"indent":0,"parameters":[" if(!$gameSelfSwitches.value([mapID, targetID, \"B\"])){"]},{"code":655,"indent":0,"parameters":["  $gameSelfSwitches.setValue([mapID, targetID, \"A\"], true);"]},{"code":655,"indent":0,"parameters":[" }"]},{"code":655,"indent":0,"parameters":["}"]},{"code":0,"indent":0,"parameters":[]}],"name":"💣E判定","switchId":1,"trigger":0},
{"id":16,"list":[{"code":111,"indent":0,"parameters":[12,"$gameMap.eventIdXy($gamePlayer._x, $gamePlayer._y) !== 57 && $gameMap.eventIdXy($gamePlayer._x, $gamePlayer._y) !== 5 && $gameMap.eventIdXy($gamePlayer._x, $gamePlayer._y) !== 56 && $gameMap.eventIdXy($gamePlayer._x, $gamePlayer._y) !== 54 && $gameMap.eventIdXy($gamePlayer._x, $gamePlayer._y) !== 58 && $gameMap.eventIdXy($gamePlayer._x, $gamePlayer._y) !== 59 && $gameMap.eventIdXy($gamePlayer._x, $gamePlayer._y) !== 7;"]},{"code":111,"indent":1,"parameters":[11,"ok",1]},{"code":111,"indent":2,"parameters":[0,12,1]},{"code":121,"indent":3,"parameters":[12,12,0]},{"code":250,"indent":3,"parameters":[{"name":"Cancel1","volume":90,"pitch":120,"pan":0}]},{"code":355,"indent":3,"parameters":["$gameMap.event(55).setPosition($gamePlayer._x, $gamePlayer._y)"]},{"code":121,"indent":3,"parameters":[14,14,0]},{"code":121,"indent":3,"parameters":[13,13,1]},{"code":0,"indent":3,"parameters":[]},{"code":412,"indent":2,"parameters":[]},{"code":0,"indent":2,"parameters":[]},{"code":412,"indent":1,"parameters":[]},{"code":0,"indent":1,"parameters":[]},{"code":412,"indent":0,"parameters":[]},{"code":0,"indent":0,"parameters":[]}],"name":"爆弾設置E","switchId":13,"trigger":2},
{"id":17,"list":[{"code":111,"indent":0,"parameters":[12,"$gameMap.eventIdXy($gamePlayer._x, $gamePlayer._y) !== 57 && $gameMap.eventIdXy($gamePlayer._x, $gamePlayer._y) !== 5 && $gameMap.eventIdXy($gamePlayer._x, $gamePlayer._y) !== 56 && $gameMap.eventIdXy($gamePlayer._x, $gamePlayer._y) !== 54 && $gameMap.eventIdXy($gamePlayer._x, $gamePlayer._y) !== 55 && $gameMap.eventIdXy($gamePlayer._x, $gamePlayer._y) !== 59 && $gameMap.eventIdXy($gamePlayer._x, $gamePlayer._y) !== 58 && $gameMap.eventIdXy($gamePlayer._x, $gamePlayer._y) !== 7;"]},{"code":111,"indent":1,"parameters":[11,"ok",1]},{"code":111,"indent":2,"parameters":[0,15,1]},{"code":121,"indent":3,"parameters":[15,15,0]},{"code":250,"indent":3,"parameters":[{"name":"Cancel1","volume":90,"pitch":120,"pan":0}]},{"code":355,"indent":3,"parameters":["$gameMap.event(58).setPosition($gamePlayer._x, $gamePlayer._y)"]},{"code":121,"indent":3,"parameters":[17,17,0]},{"code":121,"indent":3,"parameters":[14,14,1]},{"code":0,"indent":3,"parameters":[]},{"code":412,"indent":2,"parameters":[]},{"code":0,"indent":2,"parameters":[]},{"code":412,"indent":1,"parameters":[]},{"code":0,"indent":1,"parameters":[]},{"code":412,"indent":0,"parameters":[]},{"code":0,"indent":0,"parameters":[]}],"name":"爆弾設置F","switchId":14,"trigger":2},
{"id":18,"list":[{"code":285,"indent":0,"parameters":[18,1,1,119,120]},{"code":355,"indent":0,"parameters":["var targetID = $gameVariables.value(18);"]},{"code":655,"indent":0,"parameters":["if(targetID != 0 && ~$dataMap.events[targetID].note.indexOf(\"[爆弾]\")){"]},{"code":655,"indent":0,"parameters":[" var mapID = this._mapId;"]},{"code":655,"indent":0,"parameters":[" if(!$gameSelfSwitches.value([mapID, targetID, \"B\"])){"]},{"code":655,"indent":0,"parameters":["  $gameSelfSwitches.setValue([mapID, targetID, \"A\"], true);"]},{"code":655,"indent":0,"parameters":[" }"]},{"code":655,"indent":0,"parameters":["}"]},{"code":0,"indent":0,"parameters":[]}],"name":"💣F判定","switchId":1,"trigger":0},
{"id":19,"list":[{"code":285,"indent":0,"parameters":[18,1,1,139,140]},{"code":355,"indent":0,"parameters":["var targetID = $gameVariables.value(18);"]},{"code":655,"indent":0,"parameters":["if(targetID != 0 && ~$dataMap.events[targetID].note.indexOf(\"[爆弾]\")){"]},{"code":655,"indent":0,"parameters":[" var mapID = this._mapId;"]},{"code":655,"indent":0,"parameters":[" if(!$gameSelfSwitches.value([mapID, targetID, \"B\"])){"]},{"code":655,"indent":0,"parameters":["  $gameSelfSwitches.setValue([mapID, targetID, \"A\"], true);"]},{"code":655,"indent":0,"parameters":[" }"]},{"code":655,"indent":0,"parameters":["}"]},{"code":0,"indent":0,"parameters":[]}],"name":"💣G判定","switchId":1,"trigger":0},
{"id":20,"list":[{"code":111,"indent":0,"parameters":[12,"$gameMap.eventIdXy($gamePlayer._x, $gamePlayer._y) !== 57 && $gameMap.eventIdXy($gamePlayer._x, $gamePlayer._y) !== 5 && $gameMap.eventIdXy($gamePlayer._x, $gamePlayer._y) !== 56 && $gameMap.eventIdXy($gamePlayer._x, $gamePlayer._y) !== 54 && $gameMap.eventIdXy($gamePlayer._x, $gamePlayer._y) !== 55 && $gameMap.eventIdXy($gamePlayer._x, $gamePlayer._y) !== 58 && $gameMap.eventIdXy($gamePlayer._x, $gamePlayer._y) !== 7;"]},{"code":111,"indent":1,"parameters":[11,"ok",1]},{"code":111,"indent":2,"parameters":[0,16,1]},{"code":121,"indent":3,"parameters":[16,16,0]},{"code":250,"indent":3,"parameters":[{"name":"Cancel1","volume":90,"pitch":120,"pan":0}]},{"code":355,"indent":3,"parameters":["$gameMap.event(59).setPosition($gamePlayer._x, $gamePlayer._y)"]},{"code":121,"indent":3,"parameters":[18,18,0]},{"code":121,"indent":3,"parameters":[17,17,1]},{"code":0,"indent":3,"parameters":[]},{"code":412,"indent":2,"parameters":[]},{"code":0,"indent":2,"parameters":[]},{"code":412,"indent":1,"parameters":[]},{"code":0,"indent":1,"parameters":[]},{"code":412,"indent":0,"parameters":[]},{"code":0,"indent":0,"parameters":[]}],"name":"爆弾設置G","switchId":17,"trigger":2},
{"id":21,"list":[{"code":111,"indent":0,"parameters":[12,"$gameMap.eventIdXy($gamePlayer._x, $gamePlayer._y) !== 57 && $gameMap.eventIdXy($gamePlayer._x, $gamePlayer._y) !== 5 && $gameMap.eventIdXy($gamePlayer._x, $gamePlayer._y) !== 56 && $gameMap.eventIdXy($gamePlayer._x, $gamePlayer._y) !== 54 && $gameMap.eventIdXy($gamePlayer._x, $gamePlayer._y) !== 55 && $gameMap.eventIdXy($gamePlayer._x, $gamePlayer._y) !== 58 && $gameMap.eventIdXy($gamePlayer._x, $gamePlayer._y) !== 59;"]},{"code":111,"indent":1,"parameters":[11,"ok",1]},{"code":111,"indent":2,"parameters":[0,19,1]},{"code":121,"indent":3,"parameters":[19,19,0]},{"code":250,"indent":3,"parameters":[{"name":"Cancel1","volume":90,"pitch":120,"pan":0}]},{"code":355,"indent":3,"parameters":["$gameMap.event(7).setPosition($gamePlayer._x, $gamePlayer._y)"]},{"code":121,"indent":3,"parameters":[5,5,0]},{"code":121,"indent":3,"parameters":[18,18,1]},{"code":0,"indent":3,"parameters":[]},{"code":412,"indent":2,"parameters":[]},{"code":0,"indent":2,"parameters":[]},{"code":412,"indent":1,"parameters":[]},{"code":0,"indent":1,"parameters":[]},{"code":412,"indent":0,"parameters":[]},{"code":0,"indent":0,"parameters":[]}],"name":"爆弾設置H","switchId":18,"trigger":2},
{"id":22,"list":[{"code":285,"indent":0,"parameters":[18,1,1,159,160]},{"code":355,"indent":0,"parameters":["var targetID = $gameVariables.value(18);"]},{"code":655,"indent":0,"parameters":["if(targetID != 0 && ~$dataMap.events[targetID].note.indexOf(\"[爆弾]\")){"]},{"code":655,"indent":0,"parameters":[" var mapID = this._mapId;"]},{"code":655,"indent":0,"parameters":[" if(!$gameSelfSwitches.value([mapID, targetID, \"B\"])){"]},{"code":655,"indent":0,"parameters":["  $gameSelfSwitches.setValue([mapID, targetID, \"A\"], true);"]},{"code":655,"indent":0,"parameters":[" }"]},{"code":655,"indent":0,"parameters":["}"]},{"code":0,"indent":0,"parameters":[]}],"name":"💣H判定","switchId":1,"trigger":0}
]