{
"autoplayBgm":false,"autoplayBgs":false,"battleback1Name":"","battleback2Name":"","bgm":{"name":"","pan":0,"pitch":100,"volume":90},"bgs":{"name":"","pan":0,"pitch":100,"volume":90},"disableDashing":false,"displayName":"","encounterList":[],"encounterStep":30,"height":13,"note":"","parallaxLoopX":false,"parallaxLoopY":false,"parallaxName":"","parallaxShow":true,"parallaxSx":0,"parallaxSy":0,"scrollType":0,"specifyBattleback":false,"tilesetId":1,"width":17,
"data":[0,0,0,0,0,0,0,0,0,0,0,0,0,0,0,0,0,0,0,0,0,0,0,0,0,0,0,0,0,0,0,0,0,0,0,0,0,0,0,0,0,0,0,0,0,0,0,0,0,0,0,0,0,0,0,0,0,0,0,0,0,0,0,0,0,0,0,0,0,0,0,0,0,0,0,0,0,0,0,0,0,0,0,0,0,0,0,0,0,0,0,0,0,0,0,0,0,0,0,0,0,0,0,0,0,0,0,0,0,0,0,0,0,0,0,0,0,0,0,0,0,0,0,0,0,0,0,0,0,0,0,0,0,0,0,0,0,0,0,0,0,0,0,0,0,0,0,0,0,0,0,0,0,0,0,0,0,0,0,0,0,0,0,0,0,0,0,0,0,0,0,0,0,0,0,0,0,0,0,0,0,0,0,0,0,0,0,0,0,0,0,0,0,0,0,0,0,0,0,0,0,0,0,0,0,0,0,0,0,0,0,0,0,0,0,0,0,0,0,0,0,0,0,0,0,0,0,0,0,0,0,0,0,0,0,0,0,0,0,0,0,0,0,0,0,0,0,0,0,0,0,0,0,0,0,0,0,0,0,0,0,0,0,0,0,0,0,0,0,0,0,0,0,0,0,0,0,0,0,0,0,0,0,0,0,0,0,0,0,0,0,0,0,0,0,0,0,0,0,0,0,0,0,0,0,0,0,0,0,0,0,0,0,0,0,0,0,0,0,0,0,0,0,0,0,0,0,0,0,0,0,0,0,0,0,0,0,0,0,0,0,0,0,0,0,0,0,0,0,0,0,0,0,0,0,0,0,0,0,0,0,0,0,0,0,0,0,0,0,0,0,0,0,0,0,0,0,0,0,0,0,0,0,0,0,0,0,0,0,0,0,0,0,0,0,0,0,0,0,0,0,0,0,0,0,0,0,0,0,0,0,0,0,0,0,0,0,0,0,0,0,0,0,0,0,0,0,0,0,0,0,0,0,0,0,0,0,0,0,0,0,0,0,0,0,0,0,0,0,0,0,0,0,0,0,0,0,0,0,0,0,0,0,0,0,0,0,0,0,0,0,0,0,0,0,0,0,0,0,0,0,0,0,0,0,0,0,0,0,0,0,0,0,0,0,0,0,0,0,0,0,0,0,0,0,0,0,0,0,0,0,0,0,0,0,0,0,0,0,0,0,0,0,0,0,0,0,0,0,0,0,0,0,0,0,0,0,0,0,0,0,0,0,0,0,0,0,0,0,0,0,0,0,0,0,0,0,0,0,0,0,0,0,0,0,0,0,0,0,0,0,0,0,0,0,0,0,0,0,0,0,0,0,0,0,0,0,0,0,0,0,0,0,0,0,0,0,0,0,0,0,0,0,0,0,0,0,0,0,0,0,0,0,0,0,0,0,0,0,0,0,0,0,0,0,0,0,0,0,0,0,0,0,0,0,0,0,0,0,0,0,0,0,0,0,0,0,0,0,0,0,0,0,0,0,0,0,0,0,0,0,0,0,0,0,0,0,0,0,0,0,0,0,0,0,0,0,0,0,0,0,0,0,0,0,0,0,0,0,0,0,0,0,0,0,0,0,0,0,0,0,0,0,0,0,0,0,0,0,0,0,0,0,0,0,0,0,0,0,0,0,0,0,0,0,0,0,0,0,0,0,0,0,0,0,0,0,0,0,0,0,0,0,0,0,0,0,0,0,0,0,0,0,0,0,0,0,0,0,0,0,0,0,0,0,0,0,0,0,0,0,0,0,0,0,0,0,0,0,0,0,0,0,0,0,0,0,0,0,0,0,0,0,0,0,0,0,0,0,0,0,0,0,0,0,0,0,0,0,0,0,0,0,0,0,0,0,0,0,0,0,0,0,0,0,0,0,0,0,0,0,0,0,0,0,0,0,0,0,0,0,0,0,0,0,0,0,0,0,0,0,0,0,0,0,0,0,0,0,0,0,0,0,0,0,0,0,0,0,0,0,0,0,0,0,0,0,0,0,0,0,0,0,0,0,0,0,0,0,0,0,0,0,0,0,0,0,0,0,0,0,0,0,0,0,0,0,0,0,0,0,0,0,0,0,0,0,0,0,0,0,0,0,0,0,0,0,0,0,0,0,0,0,0,0,0,0,0,0,0,0,0,0,0,0,0,0,0,0,0,0,0,0,0,0,0,0,0,0,0,0,0,0,0,0,0,0,0,0,0,0,0,0,0,0,0,0,0,0,0,0,0,0,0,0,0,0,0,0,0,0,0,0,0,0,0,0,0,0,0,0,0,0,0,0,0,0,0,0,0,0,0,0,0,0,0,0,0,0,0,0,0,0,0,0,0,0,0,0,0,0,0,0,0,0,0,0,0,0,0,0,0,0,0,0,0,0,0,0,0,0,0,0,0,0,0,0,0,0,0,0,0,0,0,0,0,0,0,0,0,0,0,0,0,0,0,0,0,0,0,0,0,0,0,0,0,0,0,0,0,0,0,0,0,0,0,0,0,0,0,0,0,0,0,0,0,0,0,0,0,0,0,0,0,0,0,0,0,0,0,0,0,0,0,0,0,0,0,0,0,0,0,0,0,0,0,0,0,0,0,0,0,0,0,0,0,0,0,0,0,0,0,0,0,0,0,0,0,0,0,0,0,0,0,0,0,0,0,0,0,0,0,0,0,0,0,0,0,0,0,0,0,0,0,0,0,0,0,0,0,0,0,0,0,0,0,0,0,0,0,0,0,0,0,0,0,0,0,0,0,0,0,0,0,0,0,0,0,0,0,0,0,0,0,0,0,0,0,0,0,0,0,0,0,0,0,0,0,0,0,0,0,0,0,0,0,0,0,0,0,0,0,0,0,0,0,0,0,0,0,0,0,0,0,0,0,0,0,0,0,0,0,0,0,0,0,0,0,0,0,0,0,0,0,0,0,0,0,0,0,0,0,0,0,0,0,0,0,0,0,0,0,0,0,0,0,0,0,0,0,0,0,0,0,0,0,0,0,0,0,0,0,0,0,0,0],
"events":[
null,
{"id":1,"name":"EV001","note":"","pages":[{"conditions":{"actorId":1,"actorValid":false,"itemId":1,"itemValid":false,"selfSwitchCh":"A","selfSwitchValid":false,"switch1Id":1,"switch1Valid":false,"switch2Id":1,"switch2Valid":false,"variableId":1,"variableValid":false,"variableValue":0},"directionFix":false,"image":{"tileId":0,"characterName":"bomb","direction":6,"pattern":0,"characterIndex":0},"list":[{"code":111,"indent":0,"parameters":[0,3,0]},{"code":111,"indent":1,"parameters":[12,"this.character(-1).y==this.character(0).y"]},{"code":111,"indent":2,"parameters":[12,"this.character(-1).x==this.character(0).x"]},{"code":205,"indent":3,"parameters":[-1,{"list":[{"code":44,"parameters":[{"name":"Damage3","volume":90,"pitch":100,"pan":0}],"indent":null},{"code":43,"parameters":[1],"indent":null},{"code":15,"parameters":[10],"indent":0},{"code":43,"parameters":[0],"indent":null},{"code":0}],"repeat":false,"skippable":false,"wait":false}]},{"code":505,"indent":3,"parameters":[{"code":44,"parameters":[{"name":"Damage3","volume":90,"pitch":100,"pan":0}],"indent":null}]},{"code":505,"indent":3,"parameters":[{"code":43,"parameters":[1],"indent":null}]},{"code":505,"indent":3,"parameters":[{"code":15,"parameters":[10],"indent":0}]},{"code":505,"indent":3,"parameters":[{"code":43,"parameters":[0],"indent":null}]},{"code":121,"indent":3,"parameters":[3,3,1]},{"code":0,"indent":3,"parameters":[]},{"code":412,"indent":2,"parameters":[]},{"code":0,"indent":2,"parameters":[]},{"code":412,"indent":1,"parameters":[]},{"code":0,"indent":1,"parameters":[]},{"code":412,"indent":0,"parameters":[]},{"code":0,"indent":0,"parameters":[]}],"moveFrequency":5,"moveRoute":{"list":[{"code":45,"parameters":["this._direction = 6; this._pattern = 0; this._originalPattern = 0;"],"indent":null},{"code":15,"parameters":[3],"indent":null},{"code":45,"parameters":["this._direction = 6; this._pattern = 1; this._originalPattern = 1;"],"indent":null},{"code":15,"parameters":[3],"indent":null},{"code":45,"parameters":["this._direction = 6; this._pattern = 2; this._originalPattern = 2;"],"indent":null},{"code":15,"parameters":[3],"indent":null},{"code":45,"parameters":["this._direction = 8; this._pattern = 0; this._originalPattern = 0;"],"indent":null},{"code":15,"parameters":[3],"indent":null},{"code":45,"parameters":["this._direction = 6; this._pattern = 2; this._originalPattern = 2;"],"indent":null},{"code":15,"parameters":[3],"indent":null},{"code":45,"parameters":["this._direction = 6; this._pattern = 1; this._originalPattern = 1;"],"indent":null},{"code":15,"parameters":[3],"indent":null},{"code":45,"parameters":["this._direction = 6; this._pattern = 0; this._originalPattern = 0;"],"indent":null},{"code":15,"parameters":[3],"indent":null},{"code":45,"parameters":["$gameSelfSwitches.setValue([this._mapId, this._eventId, \"A\"], true);"],"indent":null},{"code":0,"parameters":[]}],"repeat":false,"skippable":false,"wait":false},"moveSpeed":6,"moveType":3,"priorityType":0,"stepAnime":false,"through":false,"trigger":4,"walkAnime":false},{"conditions":{"actorId":1,"actorValid":false,"itemId":1,"itemValid":false,"selfSwitchCh":"A","selfSwitchValid":true,"switch1Id":1,"switch1Valid":false,"switch2Id":1,"switch2Valid":false,"variableId":1,"variableValid":false,"variableValue":0},"directionFix":false,"image":{"characterIndex":0,"characterName":"","direction":2,"pattern":0,"tileId":0},"list":[{"code":0,"indent":0,"parameters":[]}],"moveFrequency":3,"moveRoute":{"list":[{"code":0,"parameters":[]}],"repeat":true,"skippable":false,"wait":false},"moveSpeed":3,"moveType":0,"priorityType":0,"stepAnime":false,"through":true,"trigger":0,"walkAnime":true}],"x":7,"y":7},
{"id":2,"name":"[敵]","note":"","pages":[{"conditions":{"actorId":1,"actorValid":false,"itemId":1,"itemValid":false,"selfSwitchCh":"A","selfSwitchValid":false,"switch1Id":1,"switch1Valid":false,"switch2Id":1,"switch2Valid":false,"variableId":1,"variableValid":false,"variableValue":0},"directionFix":false,"image":{"tileId":0,"characterName":"SF_Monster","direction":2,"pattern":1,"characterIndex":2},"list":[{"code":0,"indent":0,"parameters":[]}],"moveFrequency":5,"moveRoute":{"list":[{"code":0,"parameters":[]}],"repeat":true,"skippable":false,"wait":false},"moveSpeed":3,"moveType":1,"priorityType":1,"stepAnime":false,"through":false,"trigger":4,"walkAnime":true},{"conditions":{"actorId":1,"actorValid":false,"itemId":1,"itemValid":false,"selfSwitchCh":"A","selfSwitchValid":true,"switch1Id":1,"switch1Valid":false,"switch2Id":1,"switch2Valid":false,"variableId":41,"variableValid":false,"variableValue":1},"directionFix":false,"image":{"tileId":0,"characterName":"SF_Monster","direction":2,"pattern":1,"characterIndex":2},"list":[{"code":117,"indent":0,"parameters":[6]},{"code":123,"indent":0,"parameters":["B",0]},{"code":123,"indent":0,"parameters":["A",1]},{"code":0,"indent":0,"parameters":[]}],"moveFrequency":5,"moveRoute":{"list":[{"code":0,"parameters":[]}],"repeat":true,"skippable":false,"wait":false},"moveSpeed":3,"moveType":1,"priorityType":1,"stepAnime":false,"through":false,"trigger":4,"walkAnime":true},{"conditions":{"actorId":1,"actorValid":false,"itemId":1,"itemValid":false,"selfSwitchCh":"B","selfSwitchValid":true,"switch1Id":1,"switch1Valid":false,"switch2Id":1,"switch2Valid":false,"variableId":1,"variableValid":false,"variableValue":0},"directionFix":false,"image":{"characterIndex":0,"characterName":"","direction":2,"pattern":0,"tileId":0},"list":[{"code":0,"indent":0,"parameters":[]}],"moveFrequency":4,"moveRoute":{"list":[{"code":0,"parameters":[]}],"repeat":true,"skippable":false,"wait":false},"moveSpeed":3,"moveType":0,"priorityType":0,"stepAnime":false,"through":true,"trigger":0,"walkAnime":true}],"x":6,"y":4},
{"id":3,"name":"EV003","note":"","pages":[{"conditions":{"actorId":1,"actorValid":false,"itemId":1,"itemValid":false,"selfSwitchCh":"A","selfSwitchValid":false,"switch1Id":1,"switch1Valid":false,"switch2Id":1,"switch2Valid":false,"variableId":1,"variableValid":false,"variableValue":0},"directionFix":false,"image":{"tileId":0,"characterName":"bomb","direction":2,"pattern":0,"characterIndex":4},"list":[{"code":111,"indent":0,"parameters":[0,3,0]},{"code":111,"indent":1,"parameters":[12,"this.character(-1).y==this.character(0).y"]},{"code":111,"indent":2,"parameters":[12,"this.character(-1).x==this.character(0).x"]},{"code":205,"indent":3,"parameters":[-1,{"list":[{"code":44,"parameters":[{"name":"Damage3","volume":90,"pitch":100,"pan":0}],"indent":null},{"code":43,"parameters":[1],"indent":null},{"code":15,"parameters":[10],"indent":0},{"code":43,"parameters":[0],"indent":null},{"code":0}],"repeat":false,"skippable":false,"wait":false}]},{"code":505,"indent":3,"parameters":[{"code":44,"parameters":[{"name":"Damage3","volume":90,"pitch":100,"pan":0}],"indent":null}]},{"code":505,"indent":3,"parameters":[{"code":43,"parameters":[1],"indent":null}]},{"code":505,"indent":3,"parameters":[{"code":15,"parameters":[10],"indent":0}]},{"code":505,"indent":3,"parameters":[{"code":43,"parameters":[0],"indent":null}]},{"code":121,"indent":3,"parameters":[3,3,1]},{"code":0,"indent":3,"parameters":[]},{"code":412,"indent":2,"parameters":[]},{"code":0,"indent":2,"parameters":[]},{"code":412,"indent":1,"parameters":[]},{"code":0,"indent":1,"parameters":[]},{"code":412,"indent":0,"parameters":[]},{"code":0,"indent":0,"parameters":[]}],"moveFrequency":5,"moveRoute":{"list":[{"code":16,"indent":null},{"code":15,"parameters":[3],"indent":0},{"code":17,"indent":null},{"code":15,"parameters":[3],"indent":0},{"code":18,"indent":null},{"code":15,"parameters":[3],"indent":null},{"code":19,"indent":null},{"code":15,"parameters":[3],"indent":null},{"code":18,"indent":null},{"code":15,"parameters":[3],"indent":null},{"code":17,"indent":null},{"code":15,"parameters":[3],"indent":null},{"code":16,"indent":null},{"code":15,"parameters":[3],"indent":null},{"code":45,"parameters":["$gameSelfSwitches.setValue([this._mapId, this._eventId, \"A\"], true);"],"indent":null},{"code":0,"parameters":[]}],"repeat":false,"skippable":false,"wait":false},"moveSpeed":6,"moveType":3,"priorityType":0,"stepAnime":false,"through":false,"trigger":4,"walkAnime":false},{"conditions":{"actorId":1,"actorValid":false,"itemId":1,"itemValid":false,"selfSwitchCh":"A","selfSwitchValid":true,"switch1Id":1,"switch1Valid":false,"switch2Id":1,"switch2Valid":false,"variableId":1,"variableValid":false,"variableValue":0},"directionFix":false,"image":{"characterIndex":0,"characterName":"","direction":2,"pattern":0,"tileId":0},"list":[{"code":0,"indent":0,"parameters":[]}],"moveFrequency":3,"moveRoute":{"list":[{"code":0,"parameters":[]}],"repeat":true,"skippable":false,"wait":false},"moveSpeed":3,"moveType":0,"priorityType":0,"stepAnime":false,"through":true,"trigger":0,"walkAnime":true}],"x":8,"y":6},
{"id":4,"name":"[壊れる岩]","note":"","pages":[{"conditions":{"actorId":1,"actorValid":false,"itemId":1,"itemValid":false,"selfSwitchCh":"A","selfSwitchValid":false,"switch1Id":1,"switch1Valid":false,"switch2Id":1,"switch2Valid":false,"variableId":1,"variableValid":false,"variableValue":0},"directionFix":false,"image":{"tileId":0,"characterName":"!Other1","direction":6,"pattern":1,"characterIndex":1},"list":[{"code":0,"indent":0,"parameters":[]}],"moveFrequency":3,"moveRoute":{"list":[{"code":0,"parameters":[]}],"repeat":true,"skippable":false,"wait":false},"moveSpeed":3,"moveType":0,"priorityType":1,"stepAnime":false,"through":false,"trigger":4,"walkAnime":true},{"conditions":{"actorId":1,"actorValid":false,"itemId":1,"itemValid":false,"selfSwitchCh":"A","selfSwitchValid":true,"switch1Id":1,"switch1Valid":false,"switch2Id":1,"switch2Valid":false,"variableId":41,"variableValid":false,"variableValue":1},"directionFix":false,"image":{"tileId":0,"characterName":"!Other1","direction":4,"pattern":1,"characterIndex":1},"list":[{"code":117,"indent":0,"parameters":[6]},{"code":123,"indent":0,"parameters":["B",0]},{"code":123,"indent":0,"parameters":["A",1]},{"code":0,"indent":0,"parameters":[]}],"moveFrequency":3,"moveRoute":{"list":[{"code":0,"parameters":[]}],"repeat":true,"skippable":false,"wait":false},"moveSpeed":3,"moveType":0,"priorityType":1,"stepAnime":true,"through":false,"trigger":4,"walkAnime":true},{"conditions":{"actorId":1,"actorValid":false,"itemId":1,"itemValid":false,"selfSwitchCh":"B","selfSwitchValid":true,"switch1Id":1,"switch1Valid":false,"switch2Id":1,"switch2Valid":false,"variableId":1,"variableValid":false,"variableValue":0},"directionFix":false,"image":{"characterIndex":0,"characterName":"","direction":2,"pattern":0,"tileId":0},"list":[{"code":0,"indent":0,"parameters":[]}],"moveFrequency":3,"moveRoute":{"list":[{"code":0,"parameters":[]}],"repeat":true,"skippable":false,"wait":false},"moveSpeed":3,"moveType":0,"priorityType":0,"stepAnime":false,"through":false,"trigger":0,"walkAnime":true}],"x":7,"y":4},
{"id":5,"name":"EV005","note":"","pages":[{"conditions":{"actorId":1,"actorValid":false,"itemId":1,"itemValid":false,"selfSwitchCh":"A","selfSwitchValid":false,"switch1Id":1,"switch1Valid":false,"switch2Id":1,"switch2Valid":false,"variableId":1,"variableValid":false,"variableValue":0},"directionFix":false,"image":{"tileId":0,"characterName":"bomb","direction":2,"pattern":1,"characterIndex":4},"list":[{"code":111,"indent":0,"parameters":[0,3,0]},{"code":111,"indent":1,"parameters":[12,"this.character(-1).y==this.character(0).y"]},{"code":111,"indent":2,"parameters":[12,"this.character(-1).x==this.character(0).x"]},{"code":205,"indent":3,"parameters":[-1,{"list":[{"code":44,"parameters":[{"name":"Damage3","volume":90,"pitch":100,"pan":0}],"indent":null},{"code":43,"parameters":[1],"indent":null},{"code":15,"parameters":[10],"indent":0},{"code":43,"parameters":[0],"indent":null},{"code":0}],"repeat":false,"skippable":false,"wait":false}]},{"code":505,"indent":3,"parameters":[{"code":44,"parameters":[{"name":"Damage3","volume":90,"pitch":100,"pan":0}],"indent":null}]},{"code":505,"indent":3,"parameters":[{"code":43,"parameters":[1],"indent":null}]},{"code":505,"indent":3,"parameters":[{"code":15,"parameters":[10],"indent":0}]},{"code":505,"indent":3,"parameters":[{"code":43,"parameters":[0],"indent":null}]},{"code":121,"indent":3,"parameters":[3,3,1]},{"code":0,"indent":3,"parameters":[]},{"code":412,"indent":2,"parameters":[]},{"code":0,"indent":2,"parameters":[]},{"code":412,"indent":1,"parameters":[]},{"code":0,"indent":1,"parameters":[]},{"code":412,"indent":0,"parameters":[]},{"code":0,"indent":0,"parameters":[]}],"moveFrequency":5,"moveRoute":{"list":[{"code":16,"indent":null},{"code":15,"parameters":[3],"indent":null},{"code":17,"indent":null},{"code":15,"parameters":[3],"indent":null},{"code":18,"indent":null},{"code":15,"parameters":[3],"indent":null},{"code":19,"indent":null},{"code":15,"parameters":[3],"indent":null},{"code":18,"indent":null},{"code":15,"parameters":[3],"indent":null},{"code":17,"indent":null},{"code":15,"parameters":[3],"indent":null},{"code":16,"indent":null},{"code":15,"parameters":[3],"indent":null},{"code":45,"parameters":["$gameSelfSwitches.setValue([this._mapId, this._eventId, \"A\"], true);"],"indent":null},{"code":0,"parameters":[]}],"repeat":false,"skippable":false,"wait":false},"moveSpeed":6,"moveType":3,"priorityType":0,"stepAnime":false,"through":false,"trigger":4,"walkAnime":false},{"conditions":{"actorId":1,"actorValid":false,"itemId":1,"itemValid":false,"selfSwitchCh":"A","selfSwitchValid":true,"switch1Id":1,"switch1Valid":false,"switch2Id":1,"switch2Valid":false,"variableId":1,"variableValid":false,"variableValue":0},"directionFix":false,"image":{"characterIndex":0,"characterName":"","direction":2,"pattern":0,"tileId":0},"list":[{"code":0,"indent":0,"parameters":[]}],"moveFrequency":3,"moveRoute":{"list":[{"code":0,"parameters":[]}],"repeat":true,"skippable":false,"wait":false},"moveSpeed":3,"moveType":0,"priorityType":0,"stepAnime":false,"through":true,"trigger":0,"walkAnime":true}],"x":9,"y":7},
{"id":6,"name":"EV006","note":"当たり判定有の爆発","pages":[{"conditions":{"actorId":1,"actorValid":false,"itemId":1,"itemValid":false,"selfSwitchCh":"A","selfSwitchValid":false,"switch1Id":1,"switch1Valid":false,"switch2Id":1,"switch2Valid":false,"variableId":1,"variableValid":false,"variableValue":0},"directionFix":false,"image":{"tileId":0,"characterName":"bomb","direction":2,"pattern":0,"characterIndex":0},"list":[{"code":111,"indent":0,"parameters":[0,3,0]},{"code":111,"indent":1,"parameters":[12,"this.character(-1).y==this.character(0).y"]},{"code":111,"indent":2,"parameters":[12,"this.character(-1).x==this.character(0).x"]},{"code":205,"indent":3,"parameters":[-1,{"list":[{"code":44,"parameters":[{"name":"Damage3","volume":90,"pitch":100,"pan":0}],"indent":null},{"code":43,"parameters":[1],"indent":null},{"code":15,"parameters":[10],"indent":0},{"code":43,"parameters":[0],"indent":null},{"code":0}],"repeat":false,"skippable":false,"wait":false}]},{"code":505,"indent":3,"parameters":[{"code":44,"parameters":[{"name":"Damage3","volume":90,"pitch":100,"pan":0}],"indent":null}]},{"code":505,"indent":3,"parameters":[{"code":43,"parameters":[1],"indent":null}]},{"code":505,"indent":3,"parameters":[{"code":15,"parameters":[10],"indent":0}]},{"code":505,"indent":3,"parameters":[{"code":43,"parameters":[0],"indent":null}]},{"code":121,"indent":3,"parameters":[3,3,1]},{"code":0,"indent":3,"parameters":[]},{"code":412,"indent":2,"parameters":[]},{"code":0,"indent":2,"parameters":[]},{"code":412,"indent":1,"parameters":[]},{"code":0,"indent":1,"parameters":[]},{"code":412,"indent":0,"parameters":[]},{"code":0,"indent":0,"parameters":[]}],"moveFrequency":5,"moveRoute":{"list":[{"code":45,"parameters":["this._direction = 2; this._pattern = 0; this._originalPattern = 0;"],"indent":null},{"code":15,"parameters":[3],"indent":null},{"code":45,"parameters":["this._direction = 2; this._pattern = 1; this._originalPattern = 1;"],"indent":null},{"code":15,"parameters":[3],"indent":null},{"code":45,"parameters":["this._direction = 2; this._pattern = 2; this._originalPattern = 2;"],"indent":null},{"code":15,"parameters":[3],"indent":null},{"code":45,"parameters":["this._direction = 4; this._pattern = 0; this._originalPattern = 0;"],"indent":null},{"code":15,"parameters":[3],"indent":null},{"code":45,"parameters":["this._direction = 2; this._pattern = 2; this._originalPattern = 2;"],"indent":null},{"code":15,"parameters":[3],"indent":null},{"code":45,"parameters":["this._direction = 2; this._pattern = 1; this._originalPattern = 1;"],"indent":null},{"code":15,"parameters":[3],"indent":null},{"code":45,"parameters":["this._direction = 2; this._pattern = 0; this._originalPattern = 0;"],"indent":null},{"code":15,"parameters":[3],"indent":null},{"code":45,"parameters":["$gameSelfSwitches.setValue([this._mapId, this._eventId, \"A\"], true);"],"indent":null},{"code":0,"parameters":[]}],"repeat":false,"skippable":false,"wait":false},"moveSpeed":6,"moveType":3,"priorityType":0,"stepAnime":false,"through":false,"trigger":4,"walkAnime":false},{"conditions":{"actorId":1,"actorValid":false,"itemId":1,"itemValid":false,"selfSwitchCh":"A","selfSwitchValid":true,"switch1Id":1,"switch1Valid":false,"switch2Id":1,"switch2Valid":false,"variableId":1,"variableValid":false,"variableValue":0},"directionFix":false,"image":{"characterIndex":0,"characterName":"","direction":2,"pattern":0,"tileId":0},"list":[{"code":0,"indent":0,"parameters":[]}],"moveFrequency":3,"moveRoute":{"list":[{"code":0,"parameters":[]}],"repeat":true,"skippable":false,"wait":false},"moveSpeed":3,"moveType":0,"priorityType":0,"stepAnime":false,"through":true,"trigger":0,"walkAnime":true}],"x":8,"y":7},
{"id":7,"name":"EV007","note":"","pages":[{"conditions":{"actorId":1,"actorValid":false,"itemId":1,"itemValid":false,"selfSwitchCh":"A","selfSwitchValid":false,"switch1Id":1,"switch1Valid":false,"switch2Id":1,"switch2Valid":false,"variableId":1,"variableValid":false,"variableValue":0},"directionFix":false,"image":{"tileId":0,"characterName":"bomb","direction":2,"pattern":1,"characterIndex":1},"list":[{"code":111,"indent":0,"parameters":[0,3,0]},{"code":111,"indent":1,"parameters":[12,"this.character(-1).y==this.character(0).y"]},{"code":111,"indent":2,"parameters":[12,"this.character(-1).x==this.character(0).x"]},{"code":205,"indent":3,"parameters":[-1,{"list":[{"code":44,"parameters":[{"name":"Damage3","volume":90,"pitch":100,"pan":0}],"indent":null},{"code":43,"parameters":[1],"indent":null},{"code":15,"parameters":[10],"indent":null},{"code":43,"parameters":[0],"indent":null},{"code":0}],"repeat":false,"skippable":false,"wait":false}]},{"code":505,"indent":3,"parameters":[{"code":44,"parameters":[{"name":"Damage3","volume":90,"pitch":100,"pan":0}],"indent":null}]},{"code":505,"indent":3,"parameters":[{"code":43,"parameters":[1],"indent":null}]},{"code":505,"indent":3,"parameters":[{"code":15,"parameters":[10],"indent":null}]},{"code":505,"indent":3,"parameters":[{"code":43,"parameters":[0],"indent":null}]},{"code":121,"indent":3,"parameters":[3,3,1]},{"code":0,"indent":3,"parameters":[]},{"code":412,"indent":2,"parameters":[]},{"code":0,"indent":2,"parameters":[]},{"code":412,"indent":1,"parameters":[]},{"code":0,"indent":1,"parameters":[]},{"code":412,"indent":0,"parameters":[]},{"code":0,"indent":0,"parameters":[]}],"moveFrequency":5,"moveRoute":{"list":[{"code":16,"indent":null},{"code":15,"parameters":[3],"indent":null},{"code":17,"indent":null},{"code":15,"parameters":[3],"indent":null},{"code":18,"indent":null},{"code":15,"parameters":[3],"indent":null},{"code":19,"indent":null},{"code":15,"parameters":[3],"indent":null},{"code":18,"indent":null},{"code":15,"parameters":[3],"indent":null},{"code":17,"indent":null},{"code":15,"parameters":[3],"indent":null},{"code":16,"indent":null},{"code":15,"parameters":[3],"indent":null},{"code":45,"parameters":["$gameSelfSwitches.setValue([this._mapId, this._eventId, \"A\"], true);"],"indent":null},{"code":0,"parameters":[]}],"repeat":false,"skippable":false,"wait":false},"moveSpeed":6,"moveType":3,"priorityType":0,"stepAnime":false,"through":false,"trigger":4,"walkAnime":false},{"conditions":{"actorId":1,"actorValid":false,"itemId":1,"itemValid":false,"selfSwitchCh":"A","selfSwitchValid":true,"switch1Id":1,"switch1Valid":false,"switch2Id":1,"switch2Valid":false,"variableId":1,"variableValid":false,"variableValue":0},"directionFix":false,"image":{"characterIndex":0,"characterName":"","direction":2,"pattern":0,"tileId":0},"list":[{"code":0,"indent":0,"parameters":[]}],"moveFrequency":3,"moveRoute":{"list":[{"code":0,"parameters":[]}],"repeat":true,"skippable":false,"wait":false},"moveSpeed":3,"moveType":0,"priorityType":0,"stepAnime":false,"through":true,"trigger":0,"walkAnime":true}],"x":6,"y":7},
null,
{"id":9,"name":"EV009","note":"","pages":[{"conditions":{"actorId":1,"actorValid":false,"itemId":1,"itemValid":false,"selfSwitchCh":"A","selfSwitchValid":false,"switch1Id":1,"switch1Valid":false,"switch2Id":1,"switch2Valid":false,"variableId":1,"variableValid":false,"variableValue":0},"directionFix":false,"image":{"tileId":0,"characterName":"bomb","direction":2,"pattern":2,"characterIndex":1},"list":[{"code":111,"indent":0,"parameters":[0,3,0]},{"code":111,"indent":1,"parameters":[12,"this.character(-1).y==this.character(0).y"]},{"code":111,"indent":2,"parameters":[12,"this.character(-1).x==this.character(0).x"]},{"code":205,"indent":3,"parameters":[-1,{"list":[{"code":44,"parameters":[{"name":"Damage3","volume":90,"pitch":100,"pan":0}],"indent":null},{"code":43,"parameters":[1],"indent":null},{"code":15,"parameters":[10],"indent":0},{"code":43,"parameters":[0],"indent":null},{"code":0}],"repeat":false,"skippable":false,"wait":false}]},{"code":505,"indent":3,"parameters":[{"code":44,"parameters":[{"name":"Damage3","volume":90,"pitch":100,"pan":0}],"indent":null}]},{"code":505,"indent":3,"parameters":[{"code":43,"parameters":[1],"indent":null}]},{"code":505,"indent":3,"parameters":[{"code":15,"parameters":[10],"indent":0}]},{"code":505,"indent":3,"parameters":[{"code":43,"parameters":[0],"indent":null}]},{"code":121,"indent":3,"parameters":[3,3,1]},{"code":0,"indent":3,"parameters":[]},{"code":412,"indent":2,"parameters":[]},{"code":0,"indent":2,"parameters":[]},{"code":412,"indent":1,"parameters":[]},{"code":0,"indent":1,"parameters":[]},{"code":412,"indent":0,"parameters":[]},{"code":0,"indent":0,"parameters":[]}],"moveFrequency":5,"moveRoute":{"list":[{"code":16,"indent":null},{"code":15,"parameters":[3],"indent":null},{"code":17,"indent":null},{"code":15,"parameters":[3],"indent":null},{"code":18,"indent":null},{"code":15,"parameters":[3],"indent":null},{"code":19,"indent":null},{"code":15,"parameters":[3],"indent":null},{"code":18,"indent":null},{"code":15,"parameters":[3],"indent":null},{"code":17,"indent":null},{"code":15,"parameters":[3],"indent":null},{"code":16,"indent":null},{"code":15,"parameters":[3],"indent":null},{"code":45,"parameters":["$gameSelfSwitches.setValue([this._mapId, this._eventId, \"A\"], true);"],"indent":null},{"code":0,"parameters":[]}],"repeat":false,"skippable":false,"wait":false},"moveSpeed":6,"moveType":3,"priorityType":0,"stepAnime":false,"through":false,"trigger":4,"walkAnime":false},{"conditions":{"actorId":1,"actorValid":false,"itemId":1,"itemValid":false,"selfSwitchCh":"A","selfSwitchValid":true,"switch1Id":1,"switch1Valid":false,"switch2Id":1,"switch2Valid":false,"variableId":1,"variableValid":false,"variableValue":0},"directionFix":false,"image":{"characterIndex":0,"characterName":"","direction":2,"pattern":0,"tileId":0},"list":[{"code":0,"indent":0,"parameters":[]}],"moveFrequency":3,"moveRoute":{"list":[{"code":0,"parameters":[]}],"repeat":true,"skippable":false,"wait":false},"moveSpeed":3,"moveType":0,"priorityType":0,"stepAnime":false,"through":true,"trigger":0,"walkAnime":true}],"x":8,"y":8},
{"id":10,"name":"EV010","note":"","pages":[{"conditions":{"actorId":1,"actorValid":false,"itemId":1,"itemValid":false,"selfSwitchCh":"A","selfSwitchValid":false,"switch1Id":1,"switch1Valid":false,"switch2Id":1,"switch2Valid":false,"variableId":1,"variableValid":false,"variableValue":0},"directionFix":false,"image":{"tileId":0,"characterName":"bomb","direction":2,"pattern":0,"characterIndex":1},"list":[{"code":111,"indent":0,"parameters":[0,3,0]},{"code":111,"indent":1,"parameters":[12,"this.character(-1).y==this.character(0).y"]},{"code":111,"indent":2,"parameters":[12,"this.character(-1).x==this.character(0).x"]},{"code":205,"indent":3,"parameters":[-1,{"list":[{"code":44,"parameters":[{"name":"Damage3","volume":90,"pitch":100,"pan":0}],"indent":null},{"code":43,"parameters":[1],"indent":null},{"code":15,"parameters":[10],"indent":0},{"code":43,"parameters":[0],"indent":null},{"code":0}],"repeat":false,"skippable":false,"wait":false}]},{"code":505,"indent":3,"parameters":[{"code":44,"parameters":[{"name":"Damage3","volume":90,"pitch":100,"pan":0}],"indent":null}]},{"code":505,"indent":3,"parameters":[{"code":43,"parameters":[1],"indent":null}]},{"code":505,"indent":3,"parameters":[{"code":15,"parameters":[10],"indent":0}]},{"code":505,"indent":3,"parameters":[{"code":43,"parameters":[0],"indent":null}]},{"code":121,"indent":3,"parameters":[3,3,1]},{"code":0,"indent":3,"parameters":[]},{"code":412,"indent":2,"parameters":[]},{"code":0,"indent":2,"parameters":[]},{"code":412,"indent":1,"parameters":[]},{"code":0,"indent":1,"parameters":[]},{"code":412,"indent":0,"parameters":[]},{"code":0,"indent":0,"parameters":[]}],"moveFrequency":5,"moveRoute":{"list":[{"code":16,"indent":null},{"code":15,"parameters":[3],"indent":null},{"code":17,"indent":null},{"code":15,"parameters":[3],"indent":null},{"code":18,"indent":null},{"code":15,"parameters":[3],"indent":null},{"code":19,"indent":null},{"code":15,"parameters":[3],"indent":null},{"code":18,"indent":null},{"code":15,"parameters":[3],"indent":null},{"code":17,"indent":null},{"code":15,"parameters":[3],"indent":null},{"code":16,"indent":null},{"code":15,"parameters":[3],"indent":null},{"code":45,"parameters":["$gameSelfSwitches.setValue([this._mapId, this._eventId, \"A\"], true);"],"indent":null},{"code":0,"parameters":[]}],"repeat":false,"skippable":false,"wait":false},"moveSpeed":6,"moveType":3,"priorityType":0,"stepAnime":false,"through":false,"trigger":4,"walkAnime":false},{"conditions":{"actorId":1,"actorValid":false,"itemId":1,"itemValid":false,"selfSwitchCh":"A","selfSwitchValid":true,"switch1Id":1,"switch1Valid":false,"switch2Id":1,"switch2Valid":false,"variableId":1,"variableValid":false,"variableValue":0},"directionFix":false,"image":{"characterIndex":0,"characterName":"","direction":2,"pattern":0,"tileId":0},"list":[{"code":0,"indent":0,"parameters":[]}],"moveFrequency":3,"moveRoute":{"list":[{"code":0,"parameters":[]}],"repeat":true,"skippable":false,"wait":false},"moveSpeed":3,"moveType":0,"priorityType":0,"stepAnime":false,"through":true,"trigger":0,"walkAnime":true}],"x":8,"y":5},
null,
null,
null,
null,
null,
null,
null,
null
]
}